HomeTeam,AwayTeam,FTHG,FTAG,HP,AP,Pdiff,HPOS,APOS,POSdiff,HW,AW,HD,AD,HL,AL,HTGS,ATGS,HTGC,ATGC,HTGD,ATGD,HTSF,ATSF,HTSTF,ATSTF,HTSC,ATSC,HTSTC,ATSTC,HPR,APR,HF5,AF5,HTHGS,ATAGS,HTHGC,ATAGC,HTHSF,ATASF,HTHSC,ATASC,HTHSTF,ATASTF,HTHSTC,ATASTC,HTHP,ATAP,HTHW,ATAW,HTHD,ATAD,HTHL,ATAL,avg_HGPG,avg_AGPG
Luton,Wolves,1,1,0.2,0.6,-2,19,16,3,0.0,0.2,0.0,0.2,0.8,0.8,0.6,1.0,2.2,2.2,-1.6,-1.2,12.6,14.6,2.2,3.8,14.2,15.6,5.6,7.0,0,0,0,3,0.4,1.2,0.8,1.6,6.4,18.4,3.6,18.4,0.4,4.8,1.2,8.4,0.0,1.2,0.0,0.4,0.0,0.0,0.4,0.8,1.6,1.42
Man City,Nott'm Forest,2,0,3.0,1.4,8,1,8,-7,1.0,0.4,1.0,0.4,0.0,0.4,2.8,1.4,0.6,1.4,2.2,0.0,19.4,10.4,8.2,3.4,6.2,14.2,2.2,4.8,3,3,12,6,2.4,1.6,0.4,2.0,8.4,8.8,5.2,21.6,3.6,3.6,2.0,7.2,2.4,1.2,0.8,0.4,0.0,0.0,0.0,0.8,1.588235294117647,1.411764705882353
Brentford,Everton,1,3,1.2,0.2,5,11,18,-7,0.2,0.0,0.2,0.0,0.2,0.8,1.6,0.4,1.2,1.8,0.4,-1.4,14.4,13.4,4.8,5.0,12.8,11.8,4.0,4.6,1,1,6,1,2.0,0.8,2.0,2.4,17.6,10.0,18.0,10.4,5.6,3.2,6.4,6.0,1.2,0.4,0.0,0.0,1.2,0.4,0.0,0.4,1.5961538461538463,1.3846153846153846
Burnley,Man United,0,1,0.2,1.2,-5,20,13,7,0.0,0.4,0.0,0.4,0.8,0.6,0.8,1.2,2.6,2.0,-1.8,-0.8,10.6,15.8,2.8,4.8,15.6,15.2,6.4,5.8,1,0,1,6,1.2,0.4,4.4,2.0,12.4,12.8,21.2,13.6,2.8,3.2,9.6,4.4,0.0,0.0,0.0,0.0,0.0,0.0,1.2,0.8,1.5849056603773586,1.4150943396226414
Arsenal,Tottenham,2,2,2.6,2.6,0,4,2,2,0.8,0.8,0.8,0.8,0.0,0.0,1.8,2.6,0.8,1.0,1.0,1.6,15.6,20.0,6.0,7.6,9.2,13.4,2.0,4.8,3,3,10,10,2.8,3.6,1.6,1.6,20.4,22.0,9.6,15.2,9.2,8.8,2.8,5.2,2.8,2.8,0.8,0.8,0.4,0.4,0.0,0.0,1.5555555555555556,1.4074074074074074
Brighton,Bournemouth,3,1,2.4,0.6,9,5,15,-10,0.8,0.0,0.8,0.0,0.2,0.4,3.0,0.8,1.4,1.6,1.6,-0.8,18.6,12.6,8.8,4.4,12.0,18.8,3.4,6.4,3,1,9,2,3.2,1.2,2.0,2.0,26.8,10.0,12.0,18.8,11.2,4.0,3.2,6.8,2.4,0.4,0.8,0.0,0.0,0.4,0.4,0.4,1.5636363636363637,1.4181818181818182
Chelsea,Aston Villa,0,1,1.0,1.8,-4,14,7,7,0.2,0.6,0.2,0.6,0.4,0.4,1.0,2.2,1.0,2.0,0.0,0.2,16.2,14.0,4.8,5.4,11.2,11.6,3.0,4.8,0,0,4,6,1.6,1.6,0.8,3.6,20.0,16.4,12.4,17.2,5.6,6.0,2.0,7.6,1.6,1.2,0.4,0.4,0.4,0.0,0.4,0.8,1.5892857142857142,1.4107142857142858
Liverpool,West Ham,3,1,2.6,2.0,3,3,6,-3,0.8,0.6,0.8,0.6,0.0,0.2,2.4,2.0,0.8,1.4,1.6,0.6,16.2,11.0,5.0,3.6,13.2,20.2,4.4,7.0,3,3,10,10,2.4,2.4,0.4,1.2,17.2,14.8,8.8,22.0,5.6,3.6,3.2,6.4,2.4,2.8,0.8,0.8,0.0,0.4,0.0,0.0,1.5614035087719298,1.4035087719298245
Sheffield United,Newcastle,0,8,0.2,1.2,-5,17,12,5,0.0,0.4,0.0,0.4,0.8,0.6,1.0,1.6,1.8,1.4,-0.8,0.2,8.2,13.0,3.8,5.2,22.8,13.0,7.4,4.4,1,0,1,3,1.2,0.4,2.0,1.6,10.8,6.4,28.0,11.6,4.4,1.2,9.2,4.0,0.4,0.0,0.0,0.0,0.4,0.0,0.8,0.8,1.5862068965517242,1.396551724137931
Aston Villa,Brighton,6,1,1.8,2.4,-3,7,5,2,0.6,0.8,0.6,0.8,0.4,0.2,2.2,3.0,2.0,1.4,0.2,1.6,14.0,18.6,5.4,8.8,11.6,12.0,4.8,3.4,0,3,6,9,2.8,2.8,0.4,0.8,11.6,10.4,6.0,12.0,4.8,6.4,2.0,3.6,2.4,2.4,0.8,0.8,0.0,0.0,0.0,0.0,1.5593220338983051,1.5084745762711864
Bournemouth,Arsenal,0,4,0.5,2.3333333333333335,-11,18,5,13,0.0,0.6666666666666666,0.0,0.6666666666666666,0.5,0.0,0.8333333333333334,1.8333333333333333,1.8333333333333333,1.0,-1.0,0.8333333333333334,12.5,15.166666666666666,4.333333333333333,6.0,17.833333333333332,9.833333333333334,6.0,2.5,1,3,3,13,0.3333333333333333,0.6666666666666666,1.0,0.0,12.666666666666666,9.0,15.666666666666666,7.333333333333333,4.0,2.3333333333333335,5.0,1.0,0.6666666666666666,2.0,0.0,0.6666666666666666,0.6666666666666666,0.0,0.3333333333333333,0.0,1.6333333333333333,1.5
Everton,Luton,1,2,0.6666666666666666,0.6666666666666666,0,15,17,-2,0.16666666666666666,0.16666666666666666,0.16666666666666666,0.16666666666666666,0.6666666666666666,0.6666666666666666,0.8333333333333334,0.8333333333333334,1.6666666666666667,2.0,-0.8333333333333334,-1.1666666666666667,14.166666666666666,12.0,5.166666666666667,2.1666666666666665,11.833333333333334,15.666666666666666,4.166666666666667,5.5,0,1,1,1,0.0,0.3333333333333333,1.0,2.6666666666666665,14.0,9.0,11.0,19.666666666666668,5.666666666666667,2.0,2.6666666666666665,7.333333333333333,0.0,0.0,0.0,0.0,0.0,0.0,1.0,1.0,1.6065573770491803,1.540983606557377
Man United,Crystal Palace,0,1,1.5,1.3333333333333333,1,9,10,-1,0.5,0.3333333333333333,0.5,0.3333333333333333,0.5,0.3333333333333333,1.1666666666666667,1.0,1.6666666666666667,1.1666666666666667,-0.5,-0.16666666666666666,15.0,13.666666666666666,4.666666666666667,5.333333333333333,14.666666666666666,12.0,5.5,3.1666666666666665,0,0,6,7,1.6666666666666667,1.0,1.6666666666666667,1.3333333333333333,15.666666666666666,15.0,14.0,12.0,5.333333333333333,5.333333333333333,6.0,2.3333333333333335,2.0,1.3333333333333333,0.6666666666666666,0.3333333333333333,0.0,0.3333333333333333,0.3333333333333333,0.3333333333333333,1.596774193548387,1.5483870967741935
Newcastle,Burnley,2,0,1.5,0.16666666666666666,8,8,19,-11,0.5,0.0,0.5,0.0,0.5,0.8333333333333334,2.6666666666666665,0.6666666666666666,1.1666666666666667,2.5,1.5,-1.8333333333333333,14.5,10.166666666666666,6.833333333333333,2.6666666666666665,12.333333333333334,16.333333333333332,3.8333333333333335,6.666666666666667,3,0,6,1,2.3333333333333335,0.3333333333333333,1.0,0.3333333333333333,16.333333333333332,3.3333333333333335,12.0,4.666666666666667,7.666666666666667,1.0,4.0,1.3333333333333333,2.0,0.3333333333333333,0.6666666666666666,0.0,0.0,0.3333333333333333,0.3333333333333333,0.0,1.5714285714285714,1.5396825396825398
West Ham,Sheffield United,2,0,1.6666666666666667,0.16666666666666666,9,7,20,-13,0.5,0.0,0.5,0.0,0.3333333333333333,0.8333333333333334,1.8333333333333333,0.8333333333333334,1.6666666666666667,2.8333333333333335,0.16666666666666666,-2.0,11.0,8.333333333333334,3.6666666666666665,3.3333333333333335,20.5,22.666666666666668,7.0,8.666666666666666,0,0,10,1,1.3333333333333333,0.6666666666666666,1.3333333333333333,1.3333333333333333,6.0,4.666666666666667,15.333333333333334,14.666666666666666,3.0,2.6666666666666665,6.333333333333333,4.666666666666667,1.0,0.0,0.3333333333333333,0.0,0.0,0.0,0.3333333333333333,0.6666666666666666,1.578125,1.515625
Wolves,Man City,2,1,0.6666666666666666,3.0,-14,16,1,15,0.16666666666666666,1.0,0.16666666666666666,1.0,0.6666666666666666,0.0,1.0,2.6666666666666665,2.0,0.5,-1.0,2.1666666666666665,12.666666666666666,17.333333333333332,3.6666666666666665,7.5,16.333333333333332,6.833333333333333,6.5,2.3333333333333335,0,3,3,15,0.6666666666666666,2.6666666666666665,2.3333333333333335,0.6666666666666666,9.0,25.333333333333332,10.666666666666666,6.0,2.3333333333333335,10.666666666666666,4.666666666666667,2.0,0.0,3.0,0.0,1.0,0.0,0.0,0.6666666666666666,0.0,1.5846153846153845,1.4923076923076923
Tottenham,Liverpool,2,1,2.3333333333333335,2.6666666666666665,-2,4,2,2,0.6666666666666666,0.8333333333333334,0.6666666666666666,0.8333333333333334,0.0,0.0,2.5,2.5,1.1666666666666667,0.8333333333333334,1.3333333333333333,1.6666666666666667,18.833333333333332,17.166666666666668,7.166666666666667,5.333333333333333,13.333333333333334,12.833333333333334,5.0,4.333333333333333,3,3,13,13,1.3333333333333333,2.0,0.3333333333333333,1.0,15.0,12.666666666666666,9.666666666666666,14.666666666666666,5.333333333333333,3.6666666666666665,3.6666666666666665,4.666666666666667,2.0,2.3333333333333335,0.6666666666666666,0.6666666666666666,0.0,0.3333333333333333,0.0,0.0,1.5909090909090908,1.4848484848484849
Nott'm Forest,Brentford,1,1,1.1666666666666667,1.0,1,12,13,-1,0.3333333333333333,0.16666666666666666,0.3333333333333333,0.16666666666666666,0.5,0.3333333333333333,1.1666666666666667,1.5,1.5,1.5,-0.3333333333333333,0.0,10.333333333333334,14.0,3.3333333333333335,4.333333333333333,13.0,13.666666666666666,4.666666666666667,4.333333333333333,1,0,7,6,1.0,1.0,0.6666666666666666,0.3333333333333333,10.0,9.333333333333334,5.666666666666667,6.333333333333333,2.6666666666666665,3.3333333333333335,2.0,1.3333333333333333,1.3333333333333333,1.0,0.3333333333333333,0.3333333333333333,0.3333333333333333,0.0,0.0,0.3333333333333333,1.5970149253731343,1.4776119402985075
Fulham,Chelsea,0,2,1.3333333333333333,0.8333333333333334,3,11,14,-3,0.3333333333333333,0.16666666666666666,0.3333333333333333,0.16666666666666666,0.3333333333333333,0.5,0.8333333333333334,0.8333333333333334,1.6666666666666667,1.0,-0.8333333333333334,-0.16666666666666666,9.333333333333334,15.166666666666666,3.0,4.666666666666667,12.666666666666666,11.833333333333334,6.333333333333333,3.6666666666666665,3,1,7,5,0.3333333333333333,0.3333333333333333,1.0,1.0,7.666666666666667,10.333333333333334,8.0,8.333333333333334,1.3333333333333333,3.3333333333333335,3.3333333333333335,3.3333333333333335,1.0,0.3333333333333333,0.3333333333333333,0.0,0.0,0.3333333333333333,0.3333333333333333,0.3333333333333333,1.588235294117647,1.4705882352941178
Luton,Burnley,1,2,0.6666666666666666,0.16666666666666666,3,17,19,-2,0.16666666666666666,0.0,0.16666666666666666,0.0,0.6666666666666666,0.8333333333333334,0.8333333333333334,0.6666666666666666,2.0,2.5,-1.1666666666666667,-1.8333333333333333,12.0,10.166666666666666,2.1666666666666665,2.6666666666666665,15.666666666666666,16.333333333333332,5.5,6.666666666666667,1,0,1,1,0.6666666666666666,0.3333333333333333,1.0,1.0,12.0,6.0,4.0,11.333333333333334,1.6666666666666667,1.6666666666666667,2.0,4.0,0.3333333333333333,0.3333333333333333,0.0,0.0,0.3333333333333333,0.3333333333333333,0.3333333333333333,0.3333333333333333,1.565217391304348,1.4782608695652173
Luton,Tottenham,0,1,0.5714285714285714,2.4285714285714284,-13,17,2,15,0.14285714285714285,0.7142857142857143,0.14285714285714285,0.7142857142857143,0.7142857142857143,0.0,0.8571428571428571,2.4285714285714284,2.0,1.1428571428571428,-1.1428571428571428,1.2857142857142858,12.857142857142858,19.571428571428573,2.2857142857142856,7.285714285714286,15.428571428571429,13.142857142857142,5.285714285714286,4.857142857142857,3,1,4,13,0.8571428571428571,3.142857142857143,1.4285714285714286,1.7142857142857142,15.428571428571429,19.428571428571427,7.428571428571429,14.571428571428571,2.2857142857142856,7.714285714285714,2.857142857142857,5.428571428571429,0.2857142857142857,2.2857142857142856,0.0,0.5714285714285714,0.2857142857142857,0.5714285714285714,0.5714285714285714,0.0,1.5571428571428572,1.4857142857142858
Burnley,Chelsea,1,4,0.5714285714285714,1.1428571428571428,-4,18,11,7,0.14285714285714285,0.2857142857142857,0.14285714285714285,0.2857142857142857,0.7142857142857143,0.42857142857142855,0.8571428571428571,1.0,2.2857142857142856,0.8571428571428571,-1.4285714285714286,0.14285714285714285,10.714285714285714,14.571428571428571,2.857142857142857,4.571428571428571,16.571428571428573,11.571428571428571,6.142857142857143,3.5714285714285716,0,0,1,4,0.8571428571428571,0.8571428571428571,3.4285714285714284,0.8571428571428571,12.285714285714286,12.0,18.285714285714285,10.0,3.142857142857143,4.0,8.0,3.7142857142857144,0.0,1.1428571428571428,0.0,0.2857142857142857,0.0,0.2857142857142857,1.1428571428571428,0.2857142857142857,1.5352112676056338,1.4788732394366197
Everton,Bournemouth,3,0,0.5714285714285714,0.42857142857142855,1,16,19,-3,0.14285714285714285,0.0,0.14285714285714285,0.0,0.7142857142857143,0.5714285714285714,0.8571428571428571,0.7142857142857143,1.7142857142857142,2.142857142857143,-0.8571428571428571,-1.4285714285714286,15.428571428571429,11.857142857142858,5.142857142857143,3.857142857142857,11.428571428571429,17.428571428571427,3.857142857142857,6.285714285714286,3,0,4,2,0.2857142857142857,1.1428571428571428,1.4285714285714286,2.2857142857142856,18.571428571428573,10.571428571428571,12.0,17.142857142857142,6.285714285714286,4.0,2.857142857142857,6.0,0.0,0.2857142857142857,0.0,0.0,0.0,0.2857142857142857,1.1428571428571428,0.5714285714285714,1.5277777777777777,1.5138888888888888
Fulham,Sheffield United,3,1,1.1428571428571428,0.14285714285714285,7,13,20,-7,0.2857142857142857,0.0,0.2857142857142857,0.0,0.42857142857142855,0.8571428571428571,0.7142857142857143,0.7142857142857143,1.7142857142857142,2.7142857142857144,-1.0,-2.0,9.428571428571429,9.428571428571429,3.0,3.142857142857143,12.428571428571429,22.285714285714285,6.0,8.714285714285714,1,0,5,1,0.2857142857142857,0.5714285714285714,1.4285714285714286,1.7142857142857142,9.428571428571429,8.571428571428571,10.0,18.285714285714285,2.0,2.857142857142857,4.0,6.571428571428571,0.8571428571428571,0.0,0.2857142857142857,0.0,0.0,0.0,0.5714285714285714,0.8571428571428571,1.547945205479452,1.4931506849315068
Man United,Brentford,2,1,1.2857142857142858,1.0,2,10,14,-4,0.42857142857142855,0.14285714285714285,0.42857142857142855,0.14285714285714285,0.5714285714285714,0.2857142857142857,1.0,1.4285714285714286,1.5714285714285714,1.4285714285714286,-0.5714285714285714,0.0,15.571428571428571,14.571428571428571,4.571428571428571,4.428571428571429,13.714285714285714,12.571428571428571,5.0,3.857142857142857,3,0,6,5,1.4285714285714286,1.1428571428571428,1.7142857142857142,0.5714285714285714,18.857142857142858,13.142857142857142,14.285714285714286,7.142857142857143,5.714285714285714,4.285714285714286,5.714285714285714,1.4285714285714286,1.7142857142857142,1.1428571428571428,0.5714285714285714,0.2857142857142857,0.0,0.2857142857142857,0.5714285714285714,0.2857142857142857,1.5675675675675675,1.4864864864864864
Crystal Palace,Nott'm Forest,0,0,1.5714285714285714,1.1428571428571428,3,9,12,-3,0.42857142857142855,0.2857142857142857,0.42857142857142855,0.2857142857142857,0.2857142857142857,0.42857142857142855,1.0,1.1428571428571428,1.0,1.4285714285714286,0.0,-0.2857142857142857,12.857142857142858,9.714285714285714,4.857142857142857,3.0,13.0,13.714285714285714,3.2857142857142856,4.714285714285714,1,0,5,7,0.8571428571428571,1.1428571428571428,0.8571428571428571,2.0,10.571428571428571,9.142857142857142,10.285714285714286,17.428571428571427,4.571428571428571,3.4285714285714284,3.4285714285714284,6.285714285714286,1.1428571428571428,0.8571428571428571,0.2857142857142857,0.2857142857142857,0.2857142857142857,0.0,0.2857142857142857,0.8571428571428571,1.5733333333333333,1.48
Brighton,Liverpool,2,2,2.142857142857143,2.2857142857142856,-1,6,4,2,0.7142857142857143,0.7142857142857143,0.7142857142857143,0.7142857142857143,0.2857142857142857,0.14285714285714285,2.7142857142857144,2.2857142857142856,2.0,1.0,0.7142857142857143,1.2857142857142858,16.714285714285715,16.428571428571427,7.285714285714286,5.142857142857143,13.0,14.428571428571429,4.285714285714286,4.857142857142857,3,3,12,15,3.142857142857143,2.0,1.7142857142857142,1.4285714285714286,22.857142857142858,14.285714285714286,12.0,19.428571428571427,9.142857142857142,4.285714285714286,3.4285714285714284,6.285714285714286,2.5714285714285716,2.0,0.8571428571428571,0.5714285714285714,0.0,0.2857142857142857,0.2857142857142857,0.2857142857142857,1.5526315789473684,1.4605263157894737
West Ham,Newcastle,2,2,1.8571428571428572,1.7142857142857142,1,7,8,-1,0.5714285714285714,0.5714285714285714,0.5714285714285714,0.5714285714285714,0.2857142857142857,0.42857142857142855,1.8571428571428572,2.5714285714285716,1.4285714285714286,1.0,0.42857142857142855,1.5714285714285714,12.285714285714286,15.285714285714286,4.428571428571429,7.0,19.857142857142858,11.714285714285714,6.285714285714286,3.5714285714285716,0,3,9,6,1.7142857142857142,2.5714285714285716,1.1428571428571428,1.1428571428571428,10.857142857142858,10.857142857142858,17.714285714285715,10.857142857142858,5.142857142857143,5.142857142857143,6.0,3.142857142857143,1.7142857142857142,0.8571428571428571,0.5714285714285714,0.2857142857142857,0.0,0.0,0.2857142857142857,0.5714285714285714,1.5584415584415585,1.4675324675324675
Wolves,Aston Villa,1,1,1.0,2.142857142857143,-8,15,5,10,0.2857142857142857,0.7142857142857143,0.2857142857142857,0.7142857142857143,0.5714285714285714,0.2857142857142857,1.1428571428571428,2.5714285714285716,1.8571428571428572,1.5714285714285714,-0.7142857142857143,1.0,11.285714285714286,14.857142857142858,3.2857142857142856,6.142857142857143,17.285714285714285,11.285714285714286,6.714285714285714,4.428571428571429,1,3,4,12,1.1428571428571428,1.4285714285714286,2.2857142857142856,2.5714285714285716,8.571428571428571,16.0,15.714285714285714,15.142857142857142,2.2857142857142856,6.285714285714286,6.285714285714286,6.571428571428571,0.8571428571428571,1.7142857142857142,0.2857142857142857,0.5714285714285714,0.0,0.0,0.5714285714285714,0.5714285714285714,1.564102564102564,1.4743589743589745
Arsenal,Man City,1,0,2.4285714285714284,2.5714285714285716,-1,3,1,2,0.7142857142857143,0.8571428571428571,0.7142857142857143,0.8571428571428571,0.0,0.14285714285714285,2.142857142857143,2.4285714285714284,0.8571428571428571,0.7142857142857143,1.2857142857142858,1.7142857142857142,15.142857142857142,18.142857142857142,6.285714285714286,7.571428571428571,9.571428571428571,6.285714285714286,2.2857142857142856,2.142857142857143,1,3,11,15,2.5714285714285716,2.5714285714285716,1.7142857142857142,1.1428571428571428,18.285714285714285,28.285714285714285,10.571428571428571,6.0,8.285714285714286,11.428571428571429,3.4285714285714284,2.0,2.2857142857142856,2.5714285714285716,0.5714285714285714,0.8571428571428571,0.5714285714285714,0.0,0.0,0.2857142857142857,1.5569620253164558,1.4683544303797469
Liverpool,Everton,2,0,2.125,0.875,10,4,16,-12,0.625,0.25,0.625,0.25,0.125,0.625,2.25,1.125,1.125,1.5,1.125,-0.375,16.125,16.625,5.0,5.5,14.375,11.375,4.625,3.875,0,0,12,4,2.25,1.25,0.5,1.75,16.25,10.75,8.25,9.5,5.25,3.5,3.0,4.25,2.25,1.0,0.75,0.25,0.0,0.25,0.0,0.25,1.55,1.45
Bournemouth,Wolves,1,2,0.375,1.0,-5,19,14,5,0.0,0.25,0.0,0.25,0.625,0.5,0.625,1.125,2.25,1.75,-1.625,-0.625,11.75,10.875,3.875,3.25,18.375,17.375,6.5,6.375,0,3,2,7,0.25,1.0,1.75,1.25,11.5,12.25,15.5,16.5,3.25,3.75,5.75,6.25,0.5,1.0,0.0,0.25,0.5,0.25,0.5,0.5,1.5555555555555556,1.4320987654320987
Brentford,Burnley,3,0,0.875,0.5,3,15,18,-3,0.125,0.125,0.125,0.125,0.375,0.75,1.375,0.875,1.5,2.5,-0.125,-1.625,14.125,10.625,4.25,2.875,13.625,15.625,4.375,6.0,1,3,3,4,1.5,0.75,2.0,1.0,14.0,8.0,15.75,13.0,4.0,2.25,5.5,3.75,0.75,1.0,0.0,0.25,0.75,0.25,0.25,0.25,1.548780487804878,1.4390243902439024
Man City,Brighton,2,1,2.25,2.0,2,3,6,-3,0.75,0.625,0.75,0.625,0.25,0.25,2.125,2.625,0.75,2.0,1.375,0.625,16.375,16.375,6.75,6.75,7.0,13.125,2.125,4.25,0,0,12,9,2.0,2.0,0.25,2.0,7.0,9.25,5.75,12.25,3.25,4.75,2.0,4.5,2.25,1.5,0.75,0.5,0.0,0.0,0.0,0.25,1.5662650602409638,1.4216867469879517
Newcastle,Crystal Palace,4,0,1.625,1.5,1,8,9,-1,0.5,0.375,0.5,0.375,0.375,0.25,2.5,0.875,1.125,0.875,1.375,0.0,14.625,12.25,6.5,4.5,10.875,13.375,3.5,3.5,3,3,9,8,2.25,1.0,0.75,1.0,17.25,13.25,11.0,13.75,7.75,4.5,3.5,2.75,2.25,1.75,0.75,0.5,0.0,0.25,0.25,0.25,1.5714285714285714,1.4166666666666667
Nott'm Forest,Luton,2,2,1.125,0.5,5,13,17,-4,0.25,0.125,0.25,0.125,0.375,0.75,1.0,0.75,1.25,1.875,-0.25,-1.125,10.5,12.75,3.25,2.25,13.0,15.375,4.375,5.125,1,0,5,4,1.0,0.75,0.75,2.25,9.0,9.0,8.75,20.5,2.25,2.0,2.75,6.75,1.25,0.75,0.25,0.25,0.5,0.0,0.0,0.75,1.6,1.4
Chelsea,Arsenal,2,2,1.375,2.5,-9,11,2,9,0.375,0.75,0.375,0.75,0.375,0.0,1.375,2.0,0.875,0.75,0.5,1.25,13.875,14.75,4.625,5.75,11.375,8.875,3.5,2.125,3,3,7,11,1.0,1.5,0.75,0.0,15.0,10.5,11.5,7.5,4.5,3.75,3.0,1.0,1.0,2.25,0.25,0.75,0.25,0.0,0.5,0.0,1.6046511627906976,1.4069767441860466
Sheffield United,Man United,1,2,0.125,1.5,-11,20,10,10,0.0,0.5,0.0,0.5,0.875,0.5,0.75,1.125,2.75,1.5,-2.0,-0.375,8.875,16.25,3.0,5.0,22.0,13.375,8.375,4.75,0,0,1,6,0.75,0.5,3.25,1.25,9.0,10.75,23.0,11.5,3.0,3.0,9.5,3.75,0.25,0.75,0.0,0.25,0.25,0.0,0.75,0.5,1.6091954022988506,1.4137931034482758
Aston Villa,West Ham,4,1,2.0,1.75,2,5,7,-2,0.625,0.5,0.625,0.5,0.25,0.25,2.375,1.875,1.5,1.5,0.875,0.375,15.25,11.375,5.875,4.25,10.875,18.625,4.25,5.875,3,3,12,9,3.25,1.75,0.5,1.5,12.0,12.0,6.5,19.25,5.25,3.25,2.0,5.75,2.25,1.75,0.75,0.5,0.0,0.25,0.0,0.25,1.6022727272727273,1.4204545454545454
Tottenham,Fulham,2,0,2.5,1.375,9,1,12,-11,0.75,0.375,0.75,0.375,0.0,0.375,2.25,1.0,1.0,1.625,1.25,-0.625,19.0,10.75,6.875,3.375,13.0,11.5,4.5,5.5,3,0,13,5,1.5,1.0,0.5,1.75,17.25,8.25,10.25,13.0,6.0,3.5,3.75,7.0,2.25,1.25,0.75,0.25,0.0,0.5,0.0,0.25,1.6292134831460674,1.4157303370786516
Crystal Palace,Tottenham,1,2,1.3333333333333333,2.5555555555555554,-11,11,1,10,0.3333333333333333,0.7777777777777778,0.3333333333333333,0.7777777777777778,0.3333333333333333,0.0,0.7777777777777778,2.2222222222222223,1.2222222222222223,0.8888888888888888,-0.4444444444444444,1.3333333333333333,12.777777777777779,18.555555555555557,4.333333333333333,6.666666666666667,13.0,12.666666666666666,3.888888888888889,4.333333333333333,1,3,8,13,0.6666666666666666,2.6666666666666665,0.6666666666666666,1.3333333333333333,10.0,18.444444444444443,11.555555555555555,14.0,4.0,6.888888888888889,3.7777777777777777,4.666666666666667,1.1111111111111112,2.4444444444444446,0.2222222222222222,0.6666666666666666,0.4444444444444444,0.4444444444444444,0.2222222222222222,0.0,1.6333333333333333,1.4
Chelsea,Brentford,0,2,1.3333333333333333,1.1111111111111112,2,10,14,-4,0.3333333333333333,0.2222222222222222,0.3333333333333333,0.2222222222222222,0.3333333333333333,0.3333333333333333,1.4444444444444444,1.5555555555555556,1.0,1.3333333333333333,0.4444444444444444,0.2222222222222222,13.555555555555555,15.11111111111111,4.666666666666667,4.888888888888889,11.555555555555555,12.777777777777779,3.4444444444444446,4.0,3,0,7,2,1.3333333333333333,1.1111111111111112,1.1111111111111112,0.8888888888888888,15.777777777777779,12.666666666666666,13.11111111111111,10.222222222222221,5.111111111111111,4.0,3.3333333333333335,2.888888888888889,1.1111111111111112,0.8888888888888888,0.2222222222222222,0.2222222222222222,0.4444444444444444,0.2222222222222222,0.4444444444444444,0.4444444444444444,1.6263736263736264,1.4065934065934067
Arsenal,Sheffield United,5,0,2.3333333333333335,0.1111111111111111,20,3,20,-17,0.6666666666666666,0.0,0.6666666666666666,0.0,0.0,0.8888888888888888,2.0,0.7777777777777778,0.8888888888888888,2.6666666666666665,1.1111111111111112,-1.8888888888888888,14.555555555555555,9.222222222222221,5.444444444444445,3.3333333333333335,9.11111111111111,21.11111111111111,2.4444444444444446,8.0,3,0,13,1,2.2222222222222223,0.6666666666666666,1.3333333333333333,2.0,16.88888888888889,7.777777777777778,9.11111111111111,18.666666666666668,6.888888888888889,2.6666666666666665,2.888888888888889,6.444444444444445,2.4444444444444446,0.0,0.6666666666666666,0.0,0.4444444444444444,0.0,0.0,0.8888888888888888,1.608695652173913,1.4130434782608696
Bournemouth,Burnley,2,1,0.3333333333333333,0.4444444444444444,-1,19,18,1,0.0,0.1111111111111111,0.0,0.1111111111111111,0.6666666666666666,0.7777777777777778,0.6666666666666666,0.7777777777777778,2.2222222222222223,2.5555555555555554,-1.5555555555555556,-1.7777777777777777,11.222222222222221,10.11111111111111,3.888888888888889,2.6666666666666665,18.555555555555557,16.444444444444443,6.555555555555555,6.444444444444445,0,0,2,4,0.4444444444444444,0.6666666666666666,2.0,1.5555555555555556,11.777777777777779,8.444444444444445,18.22222222222222,16.666666666666668,3.7777777777777777,2.2222222222222223,6.666666666666667,5.555555555555555,0.4444444444444444,0.8888888888888888,0.0,0.2222222222222222,0.4444444444444444,0.2222222222222222,0.6666666666666666,0.4444444444444444,1.6451612903225807,1.3978494623655915
Wolves,Newcastle,2,2,1.2222222222222223,1.7777777777777777,-5,12,6,6,0.3333333333333333,0.5555555555555556,0.3333333333333333,0.5555555555555556,0.4444444444444444,0.3333333333333333,1.2222222222222223,2.6666666666666665,1.6666666666666667,1.0,-0.4444444444444444,1.6666666666666667,11.88888888888889,14.11111111111111,3.6666666666666665,6.555555555555555,16.22222222222222,11.555555555555555,6.111111111111111,3.4444444444444446,1,1,5,10,1.1111111111111112,2.4444444444444446,2.0,1.3333333333333333,8.444444444444445,10.666666666666666,16.22222222222222,9.555555555555555,2.4444444444444446,4.666666666666667,5.777777777777778,3.111111111111111,0.8888888888888888,0.8888888888888888,0.2222222222222222,0.2222222222222222,0.2222222222222222,0.2222222222222222,0.4444444444444444,0.4444444444444444,1.648936170212766,1.3936170212765957
West Ham,Everton,0,1,1.5555555555555556,0.7777777777777778,7,9,16,-7,0.4444444444444444,0.2222222222222222,0.4444444444444444,0.2222222222222222,0.3333333333333333,0.6666666666666666,1.7777777777777777,1.0,1.7777777777777777,1.5555555555555556,0.0,-0.5555555555555556,11.666666666666666,15.444444444444445,4.222222222222222,5.0,18.22222222222222,13.0,6.0,4.111111111111111,1,3,7,7,1.7777777777777777,1.1111111111111112,1.3333333333333333,2.0,9.555555555555555,10.88888888888889,16.0,14.222222222222221,4.666666666666667,3.3333333333333335,5.333333333333333,5.111111111111111,1.5555555555555556,0.8888888888888888,0.4444444444444444,0.2222222222222222,0.2222222222222222,0.2222222222222222,0.2222222222222222,0.4444444444444444,1.6526315789473685,1.4
Aston Villa,Luton,3,1,2.111111111111111,0.5555555555555556,14,5,17,-12,0.6666666666666666,0.1111111111111111,0.6666666666666666,0.1111111111111111,0.2222222222222222,0.6666666666666666,2.5555555555555554,0.8888888888888888,1.4444444444444444,1.8888888888888888,1.1111111111111112,-1.0,15.222222222222221,12.777777777777779,6.0,2.4444444444444446,11.222222222222221,15.777777777777779,4.222222222222222,5.444444444444445,1,0,10,4,3.7777777777777777,1.1111111111111112,0.6666666666666666,2.4444444444444446,14.0,10.88888888888889,8.88888888888889,22.444444444444443,6.222222222222222,2.6666666666666665,2.6666666666666665,7.777777777777778,2.6666666666666665,0.8888888888888888,0.8888888888888888,0.2222222222222222,0.0,0.2222222222222222,0.0,0.6666666666666666,1.6354166666666667,1.3958333333333333
Brighton,Fulham,1,1,1.7777777777777777,1.2222222222222223,5,7,13,-6,0.5555555555555556,0.3333333333333333,0.5555555555555556,0.3333333333333333,0.3333333333333333,0.4444444444444444,2.4444444444444446,0.8888888888888888,2.0,1.6666666666666667,0.4444444444444444,-0.7777777777777778,15.11111111111111,10.666666666666666,6.333333333333333,3.3333333333333335,12.777777777777779,11.88888888888889,4.444444444444445,5.444444444444445,1,3,10,7,2.888888888888889,0.8888888888888888,1.7777777777777777,2.0,20.88888888888889,9.555555555555555,12.444444444444445,14.88888888888889,7.777777777777778,3.7777777777777777,3.5555555555555554,7.333333333333333,2.2222222222222223,1.1111111111111112,0.6666666666666666,0.2222222222222222,0.2222222222222222,0.4444444444444444,0.2222222222222222,0.4444444444444444,1.6494845360824741,1.3917525773195876
Liverpool,Nott'm Forest,3,0,2.2222222222222223,1.1111111111111112,10,4,15,-11,0.6666666666666666,0.2222222222222222,0.6666666666666666,0.2222222222222222,0.1111111111111111,0.3333333333333333,2.2222222222222223,1.1111111111111112,1.0,1.3333333333333333,1.2222222222222223,-0.2222222222222222,17.22222222222222,11.444444444444445,5.111111111111111,3.7777777777777777,13.444444444444445,13.0,4.222222222222222,4.333333333333333,1,1,10,6,2.4444444444444446,0.8888888888888888,0.4444444444444444,1.5555555555555556,20.22222222222222,10.666666666666666,8.666666666666666,15.333333333333334,6.0,3.7777777777777777,2.888888888888889,5.333333333333333,2.6666666666666665,0.8888888888888888,0.8888888888888888,0.2222222222222222,0.0,0.2222222222222222,0.0,0.6666666666666666,1.6428571428571428,1.3877551020408163
Man United,Man City,0,3,1.6666666666666667,2.3333333333333335,-6,8,2,6,0.5555555555555556,0.7777777777777778,0.5555555555555556,0.7777777777777778,0.4444444444444444,0.2222222222222222,1.2222222222222223,2.111111111111111,1.4444444444444444,0.7777777777777778,-0.2222222222222222,1.3333333333333333,16.0,15.666666666666666,5.0,6.666666666666667,13.222222222222221,6.777777777777778,4.888888888888889,2.2222222222222223,3,0,6,9,1.5555555555555556,2.0,1.5555555555555556,1.1111111111111112,19.333333333333332,22.88888888888889,13.555555555555555,7.333333333333333,6.222222222222222,9.11111111111111,5.111111111111111,2.0,2.0,2.0,0.6666666666666666,0.6666666666666666,0.0,0.0,0.4444444444444444,0.4444444444444444,1.6565656565656566,1.3737373737373737
Fulham,Man United,0,1,1.2,1.5,-3,14,8,6,0.3,0.5,0.3,0.5,0.4,0.5,0.9,1.1,1.6,1.6,-0.7,-0.5,10.6,15.1,3.5,4.8,12.5,14.0,5.6,5.4,0,3,7,9,0.8,0.8,1.2,1.2,10.6,11.4,8.0,11.6,2.6,3.4,3.2,4.2,1.2,1.2,0.4,0.4,0.0,0.0,0.4,0.4,1.64,1.39
Brentford,West Ham,3,2,1.3,1.4,-1,10,9,1,0.3,0.4,0.3,0.4,0.3,0.4,1.6,1.6,1.2,1.7,0.4,-0.1,14.3,11.7,4.9,4.0,13.2,17.4,3.8,5.8,3,0,4,4,1.8,1.6,1.6,2.0,15.8,12.4,13.8,18.4,5.2,3.4,4.6,6.0,1.2,1.4,0.2,0.4,0.6,0.2,0.2,0.4,1.6237623762376239,1.386138613861386
Burnley,Crystal Palace,0,2,0.4,1.2,-8,19,13,6,0.1,0.3,0.1,0.3,0.8,0.4,0.8,0.8,2.5,1.3,-1.7,-0.5,9.7,12.8,2.7,4.2,16.1,12.7,6.4,3.6,0,0,3,5,0.8,0.8,3.2,1.6,10.6,14.0,14.6,13.0,2.8,4.2,6.6,3.6,0.0,1.4,0.0,0.4,0.0,0.2,1.0,0.4,1.6372549019607843,1.392156862745098
Everton,Brighton,1,1,1.0,1.7,-7,15,7,8,0.3,0.5,0.3,0.5,0.6,0.3,1.0,2.3,1.4,1.9,-0.4,0.4,14.9,15.4,4.9,6.4,12.9,12.5,3.9,4.5,0,0,6,7,0.8,1.8,1.0,2.0,18.0,8.4,10.6,11.8,6.0,4.4,2.8,4.8,0.6,1.2,0.2,0.4,0.0,0.0,0.8,0.4,1.6213592233009708,1.3980582524271845
Man City,Bournemouth,6,1,2.4,0.6,18,3,17,-14,0.8,0.1,0.8,0.1,0.2,0.6,2.2,0.8,0.7,2.1,1.5,-1.3,16.2,11.4,7.0,4.1,6.8,17.3,2.3,6.2,3,0,9,1,2.0,0.8,0.4,2.2,7.6,9.6,5.6,17.0,3.8,3.6,2.2,5.8,2.4,0.2,0.8,0.0,0.0,0.2,0.0,0.6,1.6153846153846154,1.3942307692307692
Sheffield United,Wolves,2,1,0.1,1.2,-11,20,12,8,0.0,0.3,0.0,0.3,0.9,0.4,0.7,1.3,2.9,1.7,-2.2,-0.4,8.5,11.8,3.0,3.9,20.3,15.9,8.0,6.0,0,3,0,8,0.8,1.2,3.0,1.2,9.6,13.8,21.2,14.6,3.6,4.4,8.6,5.8,0.2,1.4,0.0,0.4,0.2,0.2,0.8,0.4,1.6571428571428573,1.3904761904761904
Newcastle,Arsenal,1,0,1.7,2.4,-7,6,2,4,0.5,0.7,0.5,0.7,0.3,0.0,2.6,2.3,1.1,0.8,1.5,1.5,14.0,14.4,6.4,5.7,11.5,8.4,3.7,2.2,3,1,13,11,2.6,1.6,0.6,0.4,15.8,11.0,12.2,8.2,7.6,3.6,3.4,1.8,2.4,2.0,0.8,0.6,0.0,0.2,0.2,0.0,1.6603773584905661,1.3867924528301887
Nott'm Forest,Aston Villa,2,0,1.0,2.2,-12,16,5,11,0.2,0.7,0.2,0.7,0.4,0.2,1.0,2.6,1.5,1.4,-0.5,1.2,11.2,15.4,3.5,6.0,13.8,10.8,4.7,3.9,1,3,4,13,1.2,1.2,1.0,2.0,11.0,14.8,9.6,12.2,3.4,5.2,3.0,5.2,1.2,1.4,0.2,0.4,0.6,0.2,0.0,0.4,1.6542056074766356,1.3738317757009346
Luton,Liverpool,1,1,0.5,2.3,-18,18,4,14,0.1,0.7,0.1,0.7,0.7,0.1,0.9,2.3,2.0,0.9,-1.1,1.4,12.2,17.6,2.3,5.4,15.9,13.0,5.5,3.9,1,3,5,10,0.6,1.8,1.2,1.4,13.2,12.8,8.2,16.4,2.0,3.8,2.8,5.0,0.2,1.6,0.0,0.4,0.2,0.4,0.6,0.2,1.6574074074074074,1.3611111111111112
Tottenham,Chelsea,1,4,2.6,1.2,14,1,11,-10,0.8,0.3,0.8,0.3,0.0,0.4,2.2,1.3,0.9,1.1,1.3,0.2,17.7,13.9,6.1,4.4,12.7,11.1,4.2,3.6,3,1,13,8,1.6,1.4,0.4,0.8,16.8,10.2,10.2,9.0,5.8,3.8,3.6,3.2,2.4,1.4,0.8,0.4,0.0,0.2,0.0,0.2,1.651376146788991,1.3577981651376148
Wolves,Tottenham,2,1,1.0909090909090908,2.3636363636363638,-14,14,2,12,0.2727272727272727,0.7272727272727273,0.2727272727272727,0.7272727272727273,0.45454545454545453,0.09090909090909091,1.2727272727272727,2.090909090909091,1.7272727272727273,1.1818181818181819,-0.45454545454545453,0.9090909090909091,11.636363636363637,16.818181818181817,3.8181818181818183,6.0,15.454545454545455,13.090909090909092,5.636363636363637,4.545454545454546,1,3,9,13,1.2727272727272727,2.5454545454545454,2.0,1.2727272727272727,8.909090909090908,16.90909090909091,15.636363636363637,13.818181818181818,3.090909090909091,5.818181818181818,5.636363636363637,4.363636363636363,0.9090909090909091,2.5454545454545454,0.18181818181818182,0.7272727272727273,0.36363636363636365,0.36363636363636365,0.36363636363636365,0.0,1.6454545454545455,1.3818181818181818
Arsenal,Burnley,3,1,2.1818181818181817,0.36363636363636365,20,4,19,-15,0.6363636363636364,0.09090909090909091,0.6363636363636364,0.09090909090909091,0.09090909090909091,0.8181818181818182,2.090909090909091,0.7272727272727273,0.8181818181818182,2.4545454545454546,1.2727272727272727,-1.7272727272727273,14.363636363636363,10.363636363636363,5.2727272727272725,2.909090909090909,8.454545454545455,15.0,2.1818181818181817,6.090909090909091,3,0,11,3,2.727272727272727,0.7272727272727273,1.0909090909090908,1.6363636363636365,16.181818181818183,8.0,7.818181818181818,16.0,7.090909090909091,2.3636363636363638,2.3636363636363638,5.636363636363637,2.5454545454545454,0.7272727272727273,0.7272727272727273,0.18181818181818182,0.36363636363636365,0.18181818181818182,0.0,0.5454545454545454,1.6486486486486487,1.3783783783783783
Crystal Palace,Everton,2,3,1.3636363636363635,1.0,4,11,16,-5,0.36363636363636365,0.2727272727272727,0.36363636363636365,0.2727272727272727,0.36363636363636365,0.5454545454545454,0.9090909090909091,1.0,1.1818181818181819,1.3636363636363635,-0.2727272727272727,-0.36363636363636365,12.0,14.454545454545455,4.090909090909091,4.818181818181818,13.090909090909092,12.363636363636363,3.727272727272727,3.727272727272727,0,3,5,9,0.7272727272727273,1.0909090909090908,0.9090909090909091,1.6363636363636365,10.545454545454545,10.727272727272727,11.272727272727273,13.818181818181818,3.8181818181818183,3.4545454545454546,3.272727272727273,4.545454545454546,0.9090909090909091,1.2727272727272727,0.18181818181818182,0.36363636363636365,0.36363636363636365,0.18181818181818182,0.36363636363636365,0.36363636363636365,1.6607142857142858,1.375
Man United,Luton,1,0,1.6363636363636365,0.5454545454545454,12,8,17,-9,0.5454545454545454,0.09090909090909091,0.5454545454545454,0.09090909090909091,0.45454545454545453,0.6363636363636364,1.0909090909090908,0.9090909090909091,1.4545454545454546,1.9090909090909092,-0.36363636363636365,-1.0,14.818181818181818,11.818181818181818,4.818181818181818,2.5454545454545454,14.363636363636363,16.636363636363637,5.181818181818182,5.545454545454546,0,0,9,4,1.2727272727272727,1.0909090909090908,1.8181818181818181,2.5454545454545454,17.09090909090909,10.181818181818182,14.909090909090908,21.454545454545453,5.636363636363637,2.3636363636363638,6.0,7.454545454545454,1.6363636363636365,0.7272727272727273,0.5454545454545454,0.18181818181818182,0.0,0.18181818181818182,0.5454545454545454,0.7272727272727273,1.663716814159292,1.3893805309734513
Bournemouth,Newcastle,2,0,0.5454545454545454,1.8181818181818181,-14,18,6,12,0.09090909090909091,0.5454545454545454,0.09090909090909091,0.5454545454545454,0.6363636363636364,0.2727272727272727,0.8181818181818182,2.4545454545454546,2.4545454545454546,1.0,-1.6363636363636365,1.4545454545454546,10.818181818181818,13.545454545454545,3.8181818181818183,6.0,17.636363636363637,11.727272727272727,6.363636363636363,3.4545454545454546,3,1,3,11,0.7272727272727273,2.3636363636363638,1.8181818181818181,1.4545454545454546,12.0,11.090909090909092,16.0,9.818181818181818,4.181818181818182,4.7272727272727275,6.0,3.6363636363636362,0.9090909090909091,0.9090909090909091,0.18181818181818182,0.18181818181818182,0.36363636363636365,0.36363636363636365,0.5454545454545454,0.36363636363636365,1.6578947368421053,1.3771929824561404
Aston Villa,Fulham,3,1,2.0,1.0909090909090908,10,5,15,-10,0.6363636363636364,0.2727272727272727,0.6363636363636364,0.2727272727272727,0.2727272727272727,0.45454545454545453,2.3636363636363638,0.8181818181818182,1.4545454545454546,1.5454545454545454,0.9090909090909091,-0.7272727272727273,15.181818181818182,11.272727272727273,5.7272727272727275,3.4545454545454546,10.272727272727273,12.454545454545455,3.8181818181818183,5.545454545454546,3,1,13,5,3.6363636363636362,0.9090909090909091,0.7272727272727273,1.8181818181818181,14.545454545454545,9.636363636363637,8.545454545454545,15.454545454545455,6.181818181818182,4.0,2.3636363636363638,7.2727272727272725,2.727272727272727,1.0909090909090908,0.9090909090909091,0.18181818181818182,0.0,0.5454545454545454,0.0,0.36363636363636365,1.6608695652173913,1.3652173913043477
Brighton,Sheffield United,1,1,1.6363636363636365,0.36363636363636365,14,7,20,-13,0.45454545454545453,0.09090909090909091,0.45454545454545453,0.09090909090909091,0.2727272727272727,0.8181818181818182,2.1818181818181817,0.8181818181818182,1.8181818181818181,2.727272727272727,0.36363636363636365,-1.9090909090909092,14.636363636363637,8.727272727272727,6.0,2.909090909090909,12.272727272727273,19.363636363636363,4.454545454545454,7.545454545454546,1,0,5,0,2.5454545454545454,0.5454545454545454,1.6363636363636365,2.5454545454545454,20.363636363636363,6.7272727272727275,12.0,17.636363636363637,7.636363636363637,2.1818181818181817,3.8181818181818183,6.7272727272727275,2.0,0.0,0.5454545454545454,0.0,0.36363636363636365,0.0,0.18181818181818182,0.9090909090909091,1.6724137931034482,1.3620689655172413
Liverpool,Brentford,3,0,2.1818181818181817,1.4545454545454546,8,3,9,-6,0.6363636363636364,0.36363636363636365,0.6363636363636364,0.36363636363636365,0.09090909090909091,0.2727272727272727,2.1818181818181817,1.7272727272727273,0.9090909090909091,1.2727272727272727,1.2727272727272727,0.45454545454545453,18.181818181818183,14.454545454545455,5.454545454545454,4.818181818181818,12.545454545454545,13.090909090909092,4.0,3.6363636363636362,3,3,10,7,2.5454545454545454,1.2727272727272727,0.36363636363636365,0.7272727272727273,20.363636363636363,11.636363636363637,8.727272727272727,11.454545454545455,6.363636363636363,4.181818181818182,2.5454545454545454,2.727272727272727,2.727272727272727,1.2727272727272727,0.9090909090909091,0.36363636363636365,0.0,0.18181818181818182,0.0,0.36363636363636365,1.6666666666666667,1.358974358974359
West Ham,Nott'm Forest,3,2,1.2727272727272727,1.1818181818181819,1,12,13,-1,0.36363636363636365,0.2727272727272727,0.36363636363636365,0.2727272727272727,0.45454545454545453,0.36363636363636365,1.6363636363636365,1.0909090909090908,1.8181818181818181,1.3636363636363635,-0.18181818181818182,-0.2727272727272727,11.727272727272727,10.636363636363637,3.8181818181818183,3.4545454545454546,17.272727272727273,13.727272727272727,5.636363636363637,4.545454545454546,0,0,4,3,1.4545454545454546,0.7272727272727273,1.2727272727272727,1.8181818181818181,10.0,10.363636363636363,14.909090909090908,16.363636363636363,4.181818181818182,3.272727272727273,5.090909090909091,5.818181818181818,1.2727272727272727,0.7272727272727273,0.36363636363636365,0.18181818181818182,0.18181818181818182,0.18181818181818182,0.36363636363636365,0.7272727272727273,1.6779661016949152,1.347457627118644
Chelsea,Man City,4,4,1.3636363636363635,2.4545454545454546,-12,10,1,9,0.36363636363636365,0.8181818181818182,0.36363636363636365,0.8181818181818182,0.36363636363636365,0.18181818181818182,1.5454545454545454,2.5454545454545454,1.0909090909090908,0.7272727272727273,0.45454545454545453,1.8181818181818181,14.181818181818182,16.636363636363637,4.7272727272727275,7.090909090909091,10.818181818181818,6.636363636363637,3.727272727272727,2.1818181818181817,0,3,7,9,1.0909090909090908,2.1818181818181817,1.2727272727272727,0.9090909090909091,16.0,22.545454545454547,12.0,7.2727272727272725,4.545454545454546,9.272727272727273,3.6363636363636362,2.1818181818181817,0.9090909090909091,2.1818181818181817,0.18181818181818182,0.7272727272727273,0.36363636363636365,0.0,0.5454545454545454,0.36363636363636365,1.6890756302521008,1.3529411764705883
Man City,Liverpool,1,1,2.3333333333333335,2.25,1,1,2,-1,0.75,0.6666666666666666,0.75,0.6666666666666666,0.16666666666666666,0.08333333333333333,2.6666666666666665,2.25,1.0,0.8333333333333334,1.6666666666666667,1.4166666666666667,16.5,18.083333333333332,7.333333333333333,5.833333333333333,7.5,12.833333333333334,2.75,3.9166666666666665,3,1,9,8,2.6666666666666665,1.6666666666666667,0.5,1.3333333333333333,9.833333333333334,14.666666666666666,5.5,15.0,4.5,4.166666666666667,2.0,5.0,2.5,1.5,0.8333333333333334,0.3333333333333333,0.0,0.5,0.0,0.16666666666666666,1.7083333333333333,1.375
Burnley,West Ham,1,2,0.3333333333333333,1.4166666666666667,-13,20,9,11,0.08333333333333333,0.4166666666666667,0.08333333333333333,0.4166666666666667,0.8333333333333334,0.4166666666666667,0.75,1.75,2.5,1.8333333333333333,-1.75,-0.08333333333333333,10.166666666666666,12.083333333333334,3.0833333333333335,4.0,15.083333333333334,16.666666666666668,6.083333333333333,5.583333333333333,0,0,3,4,0.6666666666666666,1.6666666666666667,3.0,2.1666666666666665,11.666666666666666,12.333333333333334,12.833333333333334,18.0,3.1666666666666665,3.1666666666666665,6.0,5.666666666666667,0.0,1.1666666666666667,0.0,0.3333333333333333,0.0,0.16666666666666666,1.0,0.5,1.7024793388429753,1.371900826446281
Luton,Crystal Palace,2,1,0.5,1.25,-9,18,13,5,0.08333333333333333,0.3333333333333333,0.08333333333333333,0.3333333333333333,0.6666666666666666,0.4166666666666667,0.8333333333333334,1.0,1.8333333333333333,1.3333333333333333,-1.0,-0.3333333333333333,11.666666666666666,12.083333333333334,2.6666666666666665,4.083333333333333,16.5,12.666666666666666,5.416666666666667,3.75,1,3,2,7,0.6666666666666666,1.0,1.1666666666666667,1.3333333333333333,12.333333333333334,12.333333333333334,10.833333333333334,13.666666666666666,2.5,4.0,3.3333333333333335,3.8333333333333335,0.3333333333333333,1.6666666666666667,0.0,0.5,0.3333333333333333,0.16666666666666666,0.5,0.3333333333333333,1.6967213114754098,1.3770491803278688
Newcastle,Chelsea,4,1,1.6666666666666667,1.3333333333333333,4,7,10,-3,0.5,0.3333333333333333,0.5,0.3333333333333333,0.3333333333333333,0.3333333333333333,2.25,1.75,1.0833333333333333,1.3333333333333333,1.1666666666666667,0.4166666666666667,13.083333333333334,14.416666666666666,5.916666666666667,5.083333333333333,12.333333333333334,11.166666666666666,4.0,4.25,3,3,11,10,2.3333333333333335,1.8333333333333333,0.5,0.8333333333333334,14.666666666666666,11.333333333333334,12.5,8.833333333333334,6.666666666666667,4.5,3.0,3.5,2.5,1.6666666666666667,0.8333333333333334,0.5,0.0,0.16666666666666666,0.16666666666666666,0.16666666666666666,1.6991869918699187,1.3739837398373984
Nott'm Forest,Brighton,2,3,1.0833333333333333,1.5833333333333333,-6,15,8,7,0.25,0.4166666666666667,0.25,0.4166666666666667,0.4166666666666667,0.25,1.1666666666666667,2.0833333333333335,1.5,1.75,-0.3333333333333333,0.3333333333333333,10.583333333333334,14.333333333333334,3.5833333333333335,6.0,13.916666666666666,12.0,4.666666666666667,4.166666666666667,3,1,6,3,1.3333333333333333,1.6666666666666667,0.8333333333333334,1.8333333333333333,10.0,8.166666666666666,10.166666666666666,11.5,3.3333333333333335,4.0,3.0,4.666666666666667,1.5,1.1666666666666667,0.3333333333333333,0.3333333333333333,0.5,0.16666666666666666,0.0,0.3333333333333333,1.717741935483871,1.3709677419354838
Sheffield United,Bournemouth,1,3,0.4166666666666667,0.75,-4,19,17,2,0.08333333333333333,0.16666666666666666,0.08333333333333333,0.16666666666666666,0.75,0.5833333333333334,0.8333333333333334,0.9166666666666666,2.5833333333333335,2.25,-1.75,-1.3333333333333333,8.75,11.5,2.75,4.333333333333333,18.666666666666668,16.833333333333332,7.416666666666667,6.25,3,0,3,3,1.0,0.8333333333333334,2.6666666666666665,2.8333333333333335,9.833333333333334,8.833333333333334,19.333333333333332,17.666666666666668,3.3333333333333335,3.1666666666666665,7.666666666666667,6.166666666666667,0.6666666666666666,0.16666666666666666,0.16666666666666666,0.0,0.16666666666666666,0.16666666666666666,0.6666666666666666,0.6666666666666666,1.72,1.384
Brentford,Arsenal,0,1,1.3333333333333333,2.25,-11,11,3,8,0.3333333333333333,0.6666666666666666,0.3333333333333333,0.6666666666666666,0.3333333333333333,0.08333333333333333,1.5833333333333333,2.1666666666666665,1.4166666666666667,0.8333333333333334,0.16666666666666666,1.3333333333333333,14.583333333333334,14.5,4.666666666666667,5.333333333333333,13.416666666666666,8.416666666666666,4.166666666666667,2.4166666666666665,3,0,10,10,2.0,1.3333333333333333,1.6666666666666667,0.5,15.833333333333334,11.5,13.5,8.333333333333334,5.0,3.1666666666666665,4.166666666666667,1.8333333333333333,1.5,1.6666666666666667,0.3333333333333333,0.5,0.5,0.16666666666666666,0.16666666666666666,0.16666666666666666,1.7142857142857142,1.3968253968253967
Tottenham,Aston Villa,1,2,2.1666666666666665,2.0833333333333335,1,4,5,-1,0.6666666666666666,0.6666666666666666,0.6666666666666666,0.6666666666666666,0.16666666666666666,0.25,2.0,2.4166666666666665,1.25,1.4166666666666667,0.75,1.0,15.916666666666666,14.916666666666666,5.666666666666667,5.75,13.416666666666666,10.166666666666666,4.5,3.9166666666666665,0,0,12,10,1.5,1.0,1.0,2.0,15.333333333333334,14.5,11.333333333333334,11.0,5.666666666666667,4.833333333333333,4.333333333333333,4.833333333333333,2.0,1.1666666666666667,0.6666666666666666,0.3333333333333333,0.0,0.16666666666666666,0.16666666666666666,0.5,1.7007874015748032,1.3937007874015748
Everton,Man United,0,3,1.1666666666666667,1.75,-7,14,6,8,0.3333333333333333,0.5833333333333334,0.3333333333333333,0.5833333333333334,0.5,0.4166666666666667,1.1666666666666667,1.0833333333333333,1.4166666666666667,1.3333333333333333,-0.25,-0.25,13.916666666666666,14.833333333333334,4.75,4.75,12.416666666666666,14.0,3.75,5.083333333333333,1,3,7,9,0.8333333333333334,0.8333333333333334,1.0,1.0,16.666666666666668,11.5,10.0,12.666666666666666,5.666666666666667,3.6666666666666665,2.6666666666666665,4.0,0.6666666666666666,1.5,0.16666666666666666,0.5,0.16666666666666666,0.0,0.6666666666666666,0.3333333333333333,1.6953125,1.3984375
Fulham,Wolves,3,2,1.0,1.25,-3,16,12,4,0.25,0.3333333333333333,0.25,0.3333333333333333,0.5,0.4166666666666667,0.8333333333333334,1.3333333333333333,1.6666666666666667,1.6666666666666667,-0.8333333333333334,-0.3333333333333333,11.083333333333334,12.083333333333334,3.5833333333333335,3.8333333333333335,12.416666666666666,14.666666666666666,5.583333333333333,5.333333333333333,0,0,4,8,0.6666666666666666,1.1666666666666667,1.1666666666666667,1.3333333333333333,11.833333333333334,13.166666666666666,8.666666666666666,14.0,2.6666666666666665,4.166666666666667,3.5,5.166666666666667,1.0,1.1666666666666667,0.3333333333333333,0.3333333333333333,0.0,0.16666666666666666,0.5,0.5,1.682170542635659,1.4108527131782946
Arsenal,Wolves,2,1,2.3076923076923075,1.1538461538461537,15,1,12,-11,0.6923076923076923,0.3076923076923077,0.6923076923076923,0.3076923076923077,0.07692307692307693,0.46153846153846156,2.076923076923077,1.3846153846153846,0.7692307692307693,1.7692307692307692,1.3076923076923077,-0.38461538461538464,14.538461538461538,11.923076923076923,5.230769230769231,4.0,8.461538461538462,14.461538461538462,2.4615384615384617,5.384615384615385,3,3,10,8,2.769230769230769,1.3846153846153846,1.0769230769230769,1.6923076923076923,16.153846153846153,13.692307692307692,7.846153846153846,14.76923076923077,6.923076923076923,4.769230769230769,2.769230769230769,5.6923076923076925,2.6153846153846154,1.0769230769230769,0.7692307692307693,0.3076923076923077,0.3076923076923077,0.15384615384615385,0.0,0.6153846153846154,1.6923076923076923,1.4153846153846155
Brentford,Luton,3,1,1.2307692307692308,0.6923076923076923,7,11,18,-7,0.3076923076923077,0.15384615384615385,0.3076923076923077,0.15384615384615385,0.38461538461538464,0.6153846153846154,1.4615384615384615,0.9230769230769231,1.3846153846153846,1.7692307692307692,0.07692307692307693,-0.8461538461538461,14.153846153846153,11.384615384615385,4.538461538461538,2.6923076923076925,13.538461538461538,16.46153846153846,4.153846153846154,5.615384615384615,0,0,9,2,1.8461538461538463,0.9230769230769231,1.6923076923076923,2.3076923076923075,16.0,10.153846153846153,14.76923076923077,20.46153846153846,5.076923076923077,2.6153846153846154,4.461538461538462,6.923076923076923,1.3846153846153846,0.6153846153846154,0.3076923076923077,0.15384615384615385,0.46153846153846156,0.15384615384615385,0.3076923076923077,0.7692307692307693,1.6946564885496183,1.4122137404580153
Burnley,Sheffield United,5,0,0.3076923076923077,0.38461538461538464,-1,20,19,1,0.07692307692307693,0.07692307692307693,0.07692307692307693,0.07692307692307693,0.8461538461538461,0.7692307692307693,0.7692307692307693,0.8461538461538461,2.4615384615384617,2.6153846153846154,-1.6923076923076923,-1.7692307692307692,10.23076923076923,8.846153846153847,3.230769230769231,2.6923076923076925,14.76923076923077,19.0,5.846153846153846,7.6923076923076925,0,1,0,4,0.7692307692307693,0.6153846153846154,3.076923076923077,2.3076923076923075,12.461538461538462,7.076923076923077,13.538461538461538,16.615384615384617,3.6923076923076925,2.0,6.0,6.615384615384615,0.0,0.15384615384615385,0.0,0.0,0.0,0.15384615384615385,1.0769230769230769,0.7692307692307693,1.7045454545454546,1.4090909090909092
Nott'm Forest,Everton,0,1,1.0,1.0769230769230769,-1,16,15,1,0.23076923076923078,0.3076923076923077,0.23076923076923078,0.3076923076923077,0.46153846153846156,0.5384615384615384,1.2307692307692308,1.0769230769230769,1.6153846153846154,1.5384615384615385,-0.38461538461538464,-0.46153846153846156,11.153846153846153,14.692307692307692,3.6923076923076925,4.846153846153846,13.692307692307692,12.153846153846153,4.6923076923076925,3.769230769230769,0,3,5,10,1.5384615384615385,1.3846153846153846,1.2307692307692308,1.6923076923076923,12.0,10.307692307692308,11.076923076923077,13.692307692307692,3.8461538461538463,3.5384615384615383,3.5384615384615383,4.461538461538462,1.3846153846153846,1.5384615384615385,0.3076923076923077,0.46153846153846156,0.46153846153846156,0.15384615384615385,0.15384615384615385,0.3076923076923077,1.7293233082706767,1.3984962406015038
Newcastle,Man United,1,0,1.7692307692307692,1.8461538461538463,-1,7,6,1,0.5384615384615384,0.6153846153846154,0.5384615384615384,0.6153846153846154,0.3076923076923077,0.38461538461538464,2.3846153846153846,1.2307692307692308,1.0769230769230769,1.2307692307692308,1.3076923076923077,0.0,13.153846153846153,14.384615384615385,5.846153846153846,4.6923076923076925,11.923076923076923,14.76923076923077,4.0,5.153846153846154,0,3,8,12,2.769230769230769,1.2307692307692308,0.6153846153846154,0.9230769230769231,15.692307692307692,12.0,12.615384615384615,15.384615384615385,6.923076923076923,4.0,3.3846153846153846,4.615384615384615,2.769230769230769,1.8461538461538463,0.9230769230769231,0.6153846153846154,0.0,0.0,0.15384615384615385,0.3076923076923077,1.7164179104477613,1.3955223880597014
Bournemouth,Aston Villa,2,2,0.9230769230769231,2.1538461538461537,-16,17,4,13,0.23076923076923078,0.6923076923076923,0.23076923076923078,0.6923076923076923,0.5384615384615384,0.23076923076923078,1.0769230769230769,2.3846153846153846,2.1538461538461537,1.3846153846153846,-1.0769230769230769,1.0,12.384615384615385,14.923076923076923,4.846153846153846,5.6923076923076925,16.307692307692307,10.76923076923077,5.923076923076923,4.230769230769231,3,3,6,10,0.9230769230769231,1.2307692307692308,1.5384615384615385,2.0,13.076923076923077,15.692307692307692,14.76923076923077,12.923076923076923,5.076923076923077,5.230769230769231,5.846153846153846,5.6923076923076925,1.2307692307692308,1.5384615384615385,0.3076923076923077,0.46153846153846156,0.3076923076923077,0.15384615384615385,0.46153846153846156,0.46153846153846156,1.711111111111111,1.385185185185185
Chelsea,Brighton,3,2,1.2307692307692308,1.6923076923076923,-6,10,8,2,0.3076923076923077,0.46153846153846156,0.3076923076923077,0.46153846153846156,0.38461538461538464,0.23076923076923078,1.6923076923076923,2.1538461538461537,1.5384615384615385,1.7692307692307692,0.15384615384615385,0.38461538461538464,13.846153846153847,14.076923076923077,5.0,5.923076923076923,11.384615384615385,12.461538461538462,4.3076923076923075,4.230769230769231,1,1,8,4,1.5384615384615385,2.0,1.6923076923076923,2.0,16.153846153846153,9.23076923076923,12.461538461538462,13.384615384615385,5.230769230769231,4.461538461538462,4.615384615384615,5.076923076923077,0.9230769230769231,1.5384615384615385,0.15384615384615385,0.46153846153846156,0.46153846153846156,0.15384615384615385,0.46153846153846156,0.3076923076923077,1.713235294117647,1.3897058823529411
Liverpool,Fulham,4,3,2.1538461538461537,1.1538461538461537,13,3,14,-11,0.6153846153846154,0.3076923076923077,0.6153846153846154,0.3076923076923077,0.07692307692307693,0.46153846153846156,2.1538461538461537,1.0,0.8461538461538461,1.6923076923076923,1.3076923076923077,-0.6923076923076923,17.307692307692307,11.153846153846153,5.615384615384615,3.769230769230769,13.076923076923077,12.23076923076923,4.0,5.615384615384615,3,0,11,4,2.6153846153846154,0.9230769230769231,0.3076923076923077,2.0,19.846153846153847,9.538461538461538,9.846153846153847,14.923076923076923,6.923076923076923,4.153846153846154,2.6153846153846154,7.076923076923077,2.769230769230769,0.9230769230769231,0.9230769230769231,0.15384615384615385,0.0,0.46153846153846156,0.0,0.46153846153846156,1.7226277372262773,1.3941605839416058
West Ham,Crystal Palace,1,1,1.5384615384615385,1.1538461538461537,5,9,13,-4,0.46153846153846156,0.3076923076923077,0.46153846153846156,0.3076923076923077,0.38461538461538464,0.46153846153846156,1.7692307692307692,1.0,1.7692307692307692,1.3846153846153846,0.0,-0.38461538461538464,12.0,12.384615384615385,3.923076923076923,4.384615384615385,16.23076923076923,12.307692307692308,5.538461538461538,3.6923076923076925,3,0,4,4,1.6923076923076923,1.0769230769230769,1.3846153846153846,1.5384615384615385,10.923076923076923,13.846153846153847,14.153846153846153,13.846153846153847,4.461538461538462,4.923076923076923,5.076923076923077,4.0,1.5384615384615385,1.5384615384615385,0.46153846153846156,0.46153846153846156,0.15384615384615385,0.15384615384615385,0.3076923076923077,0.46153846153846156,1.7391304347826086,1.4057971014492754
Man City,Tottenham,3,3,2.230769230769231,2.0,3,2,5,-3,0.6923076923076923,0.6153846153846154,0.6923076923076923,0.6153846153846154,0.15384615384615385,0.23076923076923078,2.5384615384615383,1.9230769230769231,1.0,1.3076923076923077,1.5384615384615385,0.6153846153846154,16.46153846153846,16.076923076923077,7.153846153846154,5.846153846153846,7.538461538461538,13.538461538461538,2.769230769230769,4.538461538461538,1,0,10,9,2.6153846153846154,2.3076923076923075,0.6153846153846154,1.3846153846153846,11.538461538461538,15.23076923076923,6.3076923076923075,14.307692307692308,4.923076923076923,5.230769230769231,2.3076923076923075,4.3076923076923075,2.4615384615384617,2.1538461538461537,0.7692307692307693,0.6153846153846154,0.15384615384615385,0.3076923076923077,0.0,0.15384615384615385,1.7338129496402879,1.4028776978417266
Wolves,Burnley,1,0,1.0714285714285714,0.5,8,14,19,-5,0.2857142857142857,0.14285714285714285,0.2857142857142857,0.14285714285714285,0.5,0.7857142857142857,1.3571428571428572,1.0714285714285714,1.7857142857142858,2.2857142857142856,-0.42857142857142855,-1.2142857142857142,11.5,10.857142857142858,3.9285714285714284,3.5,14.785714285714286,14.142857142857142,5.428571428571429,5.642857142857143,0,0,7,0,1.2857142857142858,0.7142857142857143,1.7142857142857142,1.7142857142857142,9.428571428571429,7.428571428571429,13.142857142857142,14.857142857142858,3.0,2.5714285714285716,4.714285714285714,5.285714285714286,1.1428571428571428,0.5714285714285714,0.2857142857142857,0.14285714285714285,0.2857142857142857,0.14285714285714285,0.2857142857142857,0.5714285714285714,1.7428571428571429,1.4142857142857144
Luton,Arsenal,3,4,0.6428571428571429,2.357142857142857,-24,18,1,17,0.14285714285714285,0.7142857142857143,0.14285714285714285,0.7142857142857143,0.6428571428571429,0.07142857142857142,0.9285714285714286,2.0714285714285716,1.8571428571428572,0.7857142857142857,-0.9285714285714286,1.2857142857142858,11.071428571428571,14.857142857142858,2.5714285714285716,5.285714285714286,17.214285714285715,8.285714285714286,5.642857142857143,2.5,3,3,5,10,0.8571428571428571,1.2857142857142858,1.1428571428571428,0.42857142857142855,11.714285714285714,12.0,11.571428571428571,8.428571428571429,2.5714285714285716,3.2857142857142856,4.0,2.0,0.7142857142857143,1.8571428571428572,0.14285714285714285,0.5714285714285714,0.2857142857142857,0.14285714285714285,0.42857142857142855,0.14285714285714285,1.7375886524822695,1.4042553191489362
Brighton,Brentford,2,1,1.5714285714285714,1.3571428571428572,3,8,11,-3,0.42857142857142855,0.35714285714285715,0.42857142857142855,0.35714285714285715,0.2857142857142857,0.35714285714285715,2.142857142857143,1.5714285714285714,1.8571428571428572,1.3571428571428572,0.2857142857142857,0.21428571428571427,14.357142857142858,15.071428571428571,6.142857142857143,4.642857142857143,12.142857142857142,13.071428571428571,4.285714285714286,3.9285714285714284,3,0,6,9,2.142857142857143,1.0,1.4285714285714286,1.0,17.571428571428573,11.428571428571429,10.714285714285714,11.428571428571429,6.857142857142857,3.7142857142857144,3.142857142857143,3.5714285714285716,1.7142857142857142,1.0,0.42857142857142855,0.2857142857142857,0.42857142857142855,0.14285714285714285,0.14285714285714285,0.42857142857142855,1.7464788732394365,1.4225352112676057
Crystal Palace,Bournemouth,0,2,1.1428571428571428,0.9285714285714286,3,13,17,-4,0.2857142857142857,0.21428571428571427,0.2857142857142857,0.21428571428571427,0.42857142857142855,0.5,1.0,1.1428571428571428,1.3571428571428572,2.142857142857143,-0.35714285714285715,-1.0,12.142857142857142,12.571428571428571,4.214285714285714,5.0,12.071428571428571,15.928571428571429,3.642857142857143,5.714285714285714,0,3,3,9,0.8571428571428571,1.1428571428571428,1.1428571428571428,2.5714285714285716,10.142857142857142,10.857142857142858,10.0,16.571428571428573,3.5714285714285716,4.285714285714286,3.142857142857143,5.571428571428571,0.7142857142857143,0.5714285714285714,0.14285714285714285,0.14285714285714285,0.2857142857142857,0.14285714285714285,0.42857142857142855,0.5714285714285714,1.7482517482517483,1.4195804195804196
Fulham,Nott'm Forest,5,0,1.0714285714285714,0.9285714285714286,2,15,16,-1,0.2857142857142857,0.21428571428571427,0.2857142857142857,0.21428571428571427,0.5,0.5,1.1428571428571428,1.1428571428571428,1.8571428571428572,1.5714285714285714,-0.7142857142857143,-0.42857142857142855,11.0,11.285714285714286,3.857142857142857,3.5714285714285716,13.214285714285714,13.571428571428571,6.071428571428571,4.571428571428571,3,0,4,4,1.0,0.8571428571428571,1.2857142857142858,1.8571428571428572,11.857142857142858,9.571428571428571,8.857142857142858,15.142857142857142,3.142857142857143,3.2857142857142856,3.857142857142857,5.428571428571429,1.2857142857142858,0.5714285714285714,0.42857142857142855,0.14285714285714285,0.0,0.14285714285714285,0.42857142857142855,0.7142857142857143,1.7361111111111112,1.4236111111111112
Sheffield United,Liverpool,0,2,0.35714285714285715,2.2142857142857144,-26,20,2,18,0.07142857142857142,0.6428571428571429,0.07142857142857142,0.6428571428571429,0.7857142857142857,0.07142857142857142,0.7857142857142857,2.2857142857142856,2.7857142857142856,1.0,-2.0,1.2857142857142858,8.642857142857142,17.928571428571427,2.7142857142857144,6.071428571428571,19.0,12.785714285714286,7.642857142857143,4.071428571428571,0,1,4,11,1.0,1.5714285714285714,2.7142857142857144,1.2857142857142858,9.857142857142858,13.714285714285714,19.857142857142858,15.142857142857142,3.142857142857143,4.0,8.142857142857142,5.0,0.5714285714285714,1.4285714285714286,0.14285714285714285,0.2857142857142857,0.14285714285714285,0.5714285714285714,0.7142857142857143,0.14285714285714285,1.7586206896551724,1.4137931034482758
Aston Villa,Man City,1,0,2.0714285714285716,2.142857142857143,-1,4,3,1,0.6428571428571429,0.6428571428571429,0.6428571428571429,0.6428571428571429,0.21428571428571427,0.14285714285714285,2.357142857142857,2.5714285714285716,1.4285714285714286,1.1428571428571428,0.9285714285714286,1.4285714285714286,14.642857142857142,16.571428571428573,5.5,6.928571428571429,11.071428571428571,7.571428571428571,4.428571428571429,2.857142857142857,3,1,12,11,3.2857142857142856,2.2857142857142856,0.7142857142857143,1.2857142857142858,13.142857142857142,19.857142857142858,8.0,8.142857142857142,5.714285714285714,8.714285714285714,2.5714285714285716,3.0,2.5714285714285716,1.8571428571428572,0.8571428571428571,0.5714285714285714,0.0,0.14285714285714285,0.0,0.2857142857142857,1.7465753424657535,1.417808219178082
Man United,Chelsea,2,1,1.7142857142857142,1.3571428571428572,5,7,10,-3,0.5714285714285714,0.35714285714285715,0.5714285714285714,0.35714285714285715,0.42857142857142855,0.35714285714285715,1.1428571428571428,1.7857142857142858,1.2142857142857142,1.5714285714285714,-0.07142857142857142,0.21428571428571427,13.928571428571429,13.428571428571429,4.428571428571429,5.0,15.285714285714286,11.857142857142858,5.071428571428571,4.642857142857143,3,0,12,5,1.1428571428571428,1.7142857142857142,1.4285714285714286,1.2857142857142858,15.571428571428571,10.714285714285714,13.142857142857142,9.571428571428571,5.0,4.428571428571429,5.285714285714286,3.7142857142857144,1.7142857142857142,1.4285714285714286,0.5714285714285714,0.42857142857142855,0.0,0.14285714285714285,0.42857142857142855,0.2857142857142857,1.7414965986394557,1.4081632653061225
Everton,Newcastle,3,0,1.2142857142857142,1.8571428571428572,-9,12,6,6,0.35714285714285715,0.5714285714285714,0.35714285714285715,0.5714285714285714,0.5,0.2857142857142857,1.0714285714285714,2.2857142857142856,1.4285714285714286,1.0,-0.35714285714285715,1.2857142857142858,14.5,13.785714285714286,4.714285714285714,5.714285714285714,12.214285714285714,11.642857142857142,3.642857142857143,3.7857142857142856,0,3,7,10,0.7142857142857143,1.8571428571428572,1.2857142857142858,1.4285714285714286,17.714285714285715,9.857142857142858,9.857142857142858,10.428571428571429,5.714285714285714,4.428571428571429,2.857142857142857,4.285714285714286,0.5714285714285714,0.7142857142857143,0.14285714285714285,0.14285714285714285,0.14285714285714285,0.2857142857142857,0.7142857142857143,0.42857142857142855,1.7432432432432432,1.4054054054054055
Tottenham,West Ham,1,2,1.9285714285714286,1.5,6,5,9,-4,0.5714285714285714,0.42857142857142855,0.5714285714285714,0.42857142857142855,0.21428571428571427,0.35714285714285715,2.0,1.7142857142857142,1.4285714285714286,1.7142857142857142,0.5714285714285714,0.0,15.5,11.785714285714286,5.714285714285714,3.857142857142857,13.857142857142858,15.714285714285714,4.5,5.285714285714286,0,3,6,6,1.4285714285714286,1.7142857142857142,1.1428571428571428,2.0,15.714285714285714,12.142857142857142,11.857142857142858,17.0,6.0,3.142857142857143,4.428571428571429,5.571428571428571,1.7142857142857142,1.4285714285714286,0.5714285714285714,0.42857142857142855,0.0,0.14285714285714285,0.2857142857142857,0.42857142857142855,1.7516778523489933,1.395973154362416
Crystal Palace,Liverpool,1,2,1.0666666666666667,2.2666666666666666,-18,15,2,13,0.26666666666666666,0.6666666666666666,0.26666666666666666,0.6666666666666666,0.4666666666666667,0.06666666666666667,0.9333333333333333,2.2666666666666666,1.4,0.9333333333333333,-0.4666666666666667,1.3333333333333333,12.4,17.733333333333334,4.133333333333334,6.2,12.0,12.333333333333334,3.6666666666666665,3.8666666666666667,1,3,4,11,0.8,1.7333333333333334,1.3333333333333333,1.2,11.6,14.8,10.8,14.933333333333334,3.7333333333333334,4.8,3.466666666666667,4.8,0.6666666666666666,1.7333333333333334,0.13333333333333333,0.4,0.26666666666666666,0.5333333333333333,0.5333333333333333,0.13333333333333333,1.7466666666666666,1.4
Brighton,Burnley,1,1,1.6666666666666667,0.4666666666666667,18,8,19,-11,0.4666666666666667,0.13333333333333333,0.4666666666666667,0.13333333333333333,0.26666666666666666,0.8,2.1333333333333333,1.0,1.8,2.2,0.3333333333333333,-1.2,14.6,10.933333333333334,6.2,3.466666666666667,11.866666666666667,13.666666666666666,4.133333333333334,5.533333333333333,0,3,6,3,2.2666666666666666,0.6666666666666666,1.4666666666666666,1.7333333333333334,18.8,8.533333333333333,11.066666666666666,14.8,7.333333333333333,2.8,3.2,5.466666666666667,2.0,0.5333333333333333,0.5333333333333333,0.13333333333333333,0.4,0.13333333333333333,0.13333333333333333,0.6666666666666666,1.7417218543046358,1.403973509933775
Man United,Bournemouth,0,3,1.8,1.0666666666666667,11,6,16,-10,0.6,0.26666666666666666,0.6,0.26666666666666666,0.4,0.4666666666666667,1.2,1.2,1.2,2.0,0.0,-0.8,14.866666666666667,12.466666666666667,4.733333333333333,4.933333333333334,15.133333333333333,15.933333333333334,4.933333333333334,5.533333333333333,0,1,9,10,1.3333333333333333,1.3333333333333333,1.4666666666666666,2.4,18.266666666666666,11.6,14.0,17.6,5.866666666666666,4.533333333333333,5.333333333333333,5.6,2.0,0.9333333333333333,0.6666666666666666,0.26666666666666666,0.0,0.13333333333333333,0.4,0.5333333333333333,1.736842105263158,1.4013157894736843
Sheffield United,Brentford,1,0,0.3333333333333333,1.2666666666666666,-14,20,12,8,0.06666666666666667,0.3333333333333333,0.06666666666666667,0.3333333333333333,0.8,0.4,0.7333333333333333,1.5333333333333334,2.7333333333333334,1.4,-2.0,0.13333333333333333,8.466666666666667,14.6,2.6,4.466666666666667,18.733333333333334,13.4,7.666666666666667,4.133333333333334,0,3,4,9,0.9333333333333333,1.0666666666666667,2.8,1.2,10.0,11.733333333333333,20.533333333333335,13.066666666666666,3.066666666666667,3.7333333333333334,8.666666666666666,4.266666666666667,0.5333333333333333,0.9333333333333333,0.13333333333333333,0.26666666666666666,0.13333333333333333,0.13333333333333333,0.8,0.5333333333333333,1.7254901960784315,1.411764705882353
Wolves,Nott'm Forest,1,1,1.2,0.8666666666666667,5,14,17,-3,0.3333333333333333,0.2,0.3333333333333333,0.2,0.4666666666666667,0.5333333333333333,1.3333333333333333,1.0666666666666667,1.6666666666666667,1.8,-0.3333333333333333,-0.7333333333333333,11.2,10.8,3.933333333333333,3.4,14.6,13.6,5.266666666666667,4.666666666666667,0,0,4,3,1.3333333333333333,0.8,1.6,2.4,9.733333333333333,9.466666666666667,13.866666666666667,16.0,3.3333333333333335,3.2,4.8,5.866666666666666,1.4666666666666666,0.5333333333333333,0.4,0.13333333333333333,0.26666666666666666,0.13333333333333333,0.26666666666666666,0.8,1.7207792207792207,1.4025974025974026
Aston Villa,Arsenal,1,0,2.1333333333333333,2.4,-4,3,1,2,0.6666666666666666,0.7333333333333333,0.6666666666666666,0.7333333333333333,0.2,0.06666666666666667,2.2666666666666666,2.2,1.3333333333333333,0.9333333333333333,0.9333333333333333,1.2666666666666666,15.133333333333333,15.4,5.6,5.533333333333333,10.466666666666667,8.133333333333333,4.266666666666667,2.6,1,3,10,12,3.2,1.7333333333333334,0.6666666666666666,0.8,15.2,14.266666666666667,7.733333333333333,8.666666666666666,6.266666666666667,4.266666666666667,2.6666666666666665,2.4,2.8,2.1333333333333333,0.9333333333333333,0.6666666666666666,0.0,0.13333333333333333,0.0,0.13333333333333333,1.7161290322580645,1.4
Everton,Chelsea,2,0,1.3333333333333333,1.2666666666666666,1,10,11,-1,0.4,0.3333333333333333,0.4,0.3333333333333333,0.4666666666666667,0.4,1.2,1.7333333333333334,1.3333333333333333,1.6,-0.13333333333333333,0.13333333333333333,14.933333333333334,13.4,4.8,4.866666666666666,12.266666666666667,12.933333333333334,3.6,4.933333333333334,3,3,10,7,1.0666666666666667,1.7333333333333334,1.2,1.4666666666666666,19.333333333333332,11.733333333333333,10.933333333333334,12.666666666666666,6.133333333333334,4.533333333333333,3.066666666666667,4.666666666666667,0.9333333333333333,1.3333333333333333,0.26666666666666666,0.4,0.13333333333333333,0.13333333333333333,0.6666666666666666,0.4,1.7115384615384615,1.391025641025641
Fulham,West Ham,5,0,1.2,1.6,-6,13,9,4,0.3333333333333333,0.4666666666666667,0.3333333333333333,0.4666666666666667,0.4666666666666667,0.3333333333333333,1.4,1.7333333333333334,1.7333333333333334,1.6666666666666667,-0.3333333333333333,0.06666666666666667,11.2,11.733333333333333,4.0,3.933333333333333,12.6,16.2,5.733333333333333,5.4,0,1,4,7,1.6,1.8666666666666667,1.2,2.0,12.933333333333334,12.8,8.8,18.933333333333334,3.7333333333333334,3.6,3.7333333333333334,6.133333333333334,1.6,1.7333333333333334,0.5333333333333333,0.5333333333333333,0.0,0.13333333333333333,0.4,0.4,1.713375796178344,1.3821656050955413
Luton,Man City,1,2,0.6,2.0,-21,18,4,14,0.13333333333333333,0.6,0.13333333333333333,0.6,0.6666666666666666,0.2,1.0666666666666667,2.4,2.0,1.1333333333333333,-0.9333333333333333,1.2666666666666666,10.733333333333333,15.6,2.6666666666666665,6.6,17.6,8.533333333333333,5.866666666666666,3.1333333333333333,0,1,4,9,1.2,2.1333333333333333,1.6,1.3333333333333333,11.733333333333333,18.8,13.866666666666667,10.533333333333333,2.933333333333333,8.4,4.933333333333334,3.7333333333333334,0.6666666666666666,1.7333333333333334,0.13333333333333333,0.5333333333333333,0.26666666666666666,0.13333333333333333,0.5333333333333333,0.4,1.7341772151898733,1.3734177215189873
Tottenham,Newcastle,4,1,1.8,1.7333333333333334,1,5,7,-2,0.5333333333333333,0.5333333333333333,0.5333333333333333,0.5333333333333333,0.26666666666666666,0.3333333333333333,1.9333333333333333,2.1333333333333333,1.4666666666666666,1.1333333333333333,0.4666666666666667,1.0,16.0,13.733333333333333,5.8,5.533333333333333,13.666666666666666,12.266666666666667,4.533333333333333,3.933333333333333,1,3,4,10,1.4666666666666666,1.7333333333333334,1.3333333333333333,1.7333333333333334,17.733333333333334,10.933333333333334,12.533333333333333,12.533333333333333,6.533333333333333,4.533333333333333,4.8,4.8,1.6,0.6666666666666666,0.5333333333333333,0.13333333333333333,0.0,0.26666666666666666,0.4,0.5333333333333333,1.729559748427673,1.3773584905660377
